{
  "prompt": "A girl riding a bike.",
  "model_path": "THUDM/CogVideoX-2b",
  "seed": 42,
  "generate_type": "t2v",
  "num_inference_steps": 50,
  "num_frames": 81,
  "guidance_scale": 6.0,
  "corr_steps": [
    40,
    45,
    48,
    49
  ],
  "corr_long_side": 256,
  "corr_num_pairs": 3,
  "corr_projection": "pca",
  "corr_blur_sigma": 1.0,
  "corr_mag_thresh": 0.5,
  "corr_window_k": 3,
  "summary": {
    "n": 12,
    "mean_cos": 0.08677265637864669,
    "mean_cos_w": 0.0776156852953136,
    "mean_epe_aligned": 2.7477842569351196,
    "mean_mag_corr": 0.2620290894528043,
    "mean_support_frac": 0.7131514223927874
  },
  "by_step": {
    "40": {
      "n": 3,
      "mean_cos": -0.04794253036379814,
      "mean_cos_w": -0.11156078428030014,
      "mean_epe_aligned": 4.042783339818318,
      "mean_mag_corr": 0.3444608434243659,
      "mean_support_frac": 0.9434164839181287
    },
    "45": {
      "n": 3,
      "mean_cos": 0.0877806693315506,
      "mean_cos_w": 0.07126153260469437,
      "mean_epe_aligned": 3.082394520441691,
      "mean_mag_corr": 0.1907899874671141,
      "mean_support_frac": 0.8954526072124757
    },
    "48": {
      "n": 3,
      "mean_cos": 0.1430718737343947,
      "mean_cos_w": 0.1805155954013268,
      "mean_epe_aligned": 2.3106404145558677,
      "mean_mag_corr": 0.17872009330178615,
      "mean_support_frac": 0.7908671418128655
    },
    "49": {
      "n": 3,
      "mean_cos": 0.1641806128124396,
      "mean_cos_w": 0.17024639745553335,
      "mean_epe_aligned": 1.5553187529246013,
      "mean_mag_corr": 0.33414543361795085,
      "mean_support_frac": 0.22286945662768032
    }
  },
  "rows": [
    {
      "step_index": 40,
      "timestep": 199,
      "window_start": 0,
      "latent_pair_start": 0,
      "latent_pair_local": 0,
      "latent_window_k": 3,
      "decoded_frames_in_window": 9,
      "rgb_frame_a": 0,
      "rgb_frame_b": 4,
      "cos_sim": 0.04978775605559349,
      "cos_sim_w": 0.009493885561823845,
      "epe_aligned": 3.9003145694732666,
      "mag_corr": 0.15415494342347216,
      "support_frac": 0.9551809210526315,
      "rgb_mag_mean": 3.7918736934661865,
      "lat_mag_mean": 3.6705894470214844,
      "projection": "pca"
    },
    {
      "step_index": 40,
      "timestep": 199,
      "window_start": 10,
      "latent_pair_start": 10,
      "latent_pair_local": 0,
      "latent_window_k": 3,
      "decoded_frames_in_window": 9,
      "rgb_frame_a": 0,
      "rgb_frame_b": 4,
      "cos_sim": -0.17667336761951447,
      "cos_sim_w": -0.3263769745826721,
      "epe_aligned": 3.8370699882507324,
      "mag_corr": 0.37359095865026043,
      "support_frac": 0.9451754385964912,
      "rgb_mag_mean": 3.889434337615967,
      "lat_mag_mean": 3.6111574172973633,
      "projection": "pca"
    },
    {
      "step_index": 40,
      "timestep": 199,
      "window_start": 18,
      "latent_pair_start": 19,
      "latent_pair_local": 1,
      "latent_window_k": 3,
      "decoded_frames_in_window": 9,
      "rgb_frame_a": 4,
      "rgb_frame_b": 8,
      "cos_sim": -0.01694197952747345,
      "cos_sim_w": -0.017799263820052147,
      "epe_aligned": 4.390965461730957,
      "mag_corr": 0.5056366281993651,
      "support_frac": 0.9298930921052632,
      "rgb_mag_mean": 4.177253723144531,
      "lat_mag_mean": 3.104642152786255,
      "projection": "pca"
    },
    {
      "step_index": 45,
      "timestep": 99,
      "window_start": 0,
      "latent_pair_start": 0,
      "latent_pair_local": 0,
      "latent_window_k": 3,
      "decoded_frames_in_window": 9,
      "rgb_frame_a": 0,
      "rgb_frame_b": 4,
      "cos_sim": 0.3449654281139374,
      "cos_sim_w": 0.40706348419189453,
      "epe_aligned": 2.930903911590576,
      "mag_corr": 0.037162505076366856,
      "support_frac": 0.9024351242690059,
      "rgb_mag_mean": 2.9021811485290527,
      "lat_mag_mean": 3.478530168533325,
      "projection": "pca"
    },
    {
      "step_index": 45,
      "timestep": 99,
      "window_start": 10,
      "latent_pair_start": 10,
      "latent_pair_local": 0,
      "latent_window_k": 3,
      "decoded_frames_in_window": 9,
      "rgb_frame_a": 0,
      "rgb_frame_b": 4,
      "cos_sim": 0.059307992458343506,
      "cos_sim_w": 0.053020723164081573,
      "epe_aligned": 3.0058705806732178,
      "mag_corr": 0.31912278493093904,
      "support_frac": 0.8875868055555556,
      "rgb_mag_mean": 2.7667627334594727,
      "lat_mag_mean": 2.907993793487549,
      "projection": "pca"
    },
    {
      "step_index": 45,
      "timestep": 99,
      "window_start": 18,
      "latent_pair_start": 19,
      "latent_pair_local": 1,
      "latent_window_k": 3,
      "decoded_frames_in_window": 9,
      "rgb_frame_a": 4,
      "rgb_frame_b": 8,
      "cos_sim": -0.1409314125776291,
      "cos_sim_w": -0.246299609541893,
      "epe_aligned": 3.3104090690612793,
      "mag_corr": 0.21608467239403645,
      "support_frac": 0.8963358918128655,
      "rgb_mag_mean": 3.161206007003784,
      "lat_mag_mean": 3.0507619380950928,
      "projection": "pca"
    },
    {
      "step_index": 48,
      "timestep": 39,
      "window_start": 0,
      "latent_pair_start": 0,
      "latent_pair_local": 0,
      "latent_window_k": 3,
      "decoded_frames_in_window": 9,
      "rgb_frame_a": 0,
      "rgb_frame_b": 4,
      "cos_sim": 0.04401364549994469,
      "cos_sim_w": -0.025038277730345726,
      "epe_aligned": 2.197084903717041,
      "mag_corr": 0.2712270516470639,
      "support_frac": 0.7987938596491229,
      "rgb_mag_mean": 1.8803889751434326,
      "lat_mag_mean": 2.1814465522766113,
      "projection": "pca"
    },
    {
      "step_index": 48,
      "timestep": 39,
      "window_start": 10,
      "latent_pair_start": 10,
      "latent_pair_local": 0,
      "latent_window_k": 3,
      "decoded_frames_in_window": 9,
      "rgb_frame_a": 0,
      "rgb_frame_b": 4,
      "cos_sim": 0.1909736543893814,
      "cos_sim_w": 0.27989301085472107,
      "epe_aligned": 2.313511610031128,
      "mag_corr": 0.22288491922828133,
      "support_frac": 0.7933799342105263,
      "rgb_mag_mean": 2.0288383960723877,
      "lat_mag_mean": 2.74106502532959,
      "projection": "pca"
    },
    {
      "step_index": 48,
      "timestep": 39,
      "window_start": 18,
      "latent_pair_start": 19,
      "latent_pair_local": 1,
      "latent_window_k": 3,
      "decoded_frames_in_window": 9,
      "rgb_frame_a": 4,
      "rgb_frame_b": 8,
      "cos_sim": 0.19422832131385803,
      "cos_sim_w": 0.2866920530796051,
      "epe_aligned": 2.4213247299194336,
      "mag_corr": 0.042048309030013185,
      "support_frac": 0.7804276315789473,
      "rgb_mag_mean": 2.049884557723999,
      "lat_mag_mean": 2.491725206375122,
      "projection": "pca"
    },
    {
      "step_index": 49,
      "timestep": 19,
      "window_start": 0,
      "latent_pair_start": 0,
      "latent_pair_local": 0,
      "latent_window_k": 3,
      "decoded_frames_in_window": 9,
      "rgb_frame_a": 0,
      "rgb_frame_b": 4,
      "cos_sim": 0.16546986997127533,
      "cos_sim_w": 0.09293989837169647,
      "epe_aligned": 2.3127167224884033,
      "mag_corr": 0.0561556612704373,
      "support_frac": 0.4414747807017544,
      "rgb_mag_mean": 1.1462078094482422,
      "lat_mag_mean": 2.087205171585083,
      "projection": "pca"
    },
    {
      "step_index": 49,
      "timestep": 19,
      "window_start": 10,
      "latent_pair_start": 10,
      "latent_pair_local": 0,
      "latent_window_k": 3,
      "decoded_frames_in_window": 9,
      "rgb_frame_a": 0,
      "rgb_frame_b": 4,
      "cos_sim": -0.025742586702108383,
      "cos_sim_w": -0.08987611532211304,
      "epe_aligned": 1.4182811975479126,
      "mag_corr": 0.3970000996293856,
      "support_frac": 0.12819809941520469,
      "rgb_mag_mean": 0.28888803720474243,
      "lat_mag_mean": 2.326380968093872,
      "projection": "pca"
    },
    {
      "step_index": 49,
      "timestep": 19,
      "window_start": 18,