{
  "prompt": "A girl riding a bike.",
  "model_path": "THUDM/CogVideoX-2b",
  "seed": 42,
  "generate_type": "t2v",
  "num_inference_steps": 100,
  "num_frames": 81,
  "guidance_scale": 6.0,
  "corr_steps": [
    90,
    95,
    98,
    99
  ],
  "corr_long_side": 256,
  "corr_num_pairs": 3,
  "corr_projection": "pca",
  "corr_blur_sigma": 1.0,
  "corr_mag_thresh": 0.5,
  "corr_window_k": 3,
  "summary": {
    "n": 12,
    "mean_cos": 0.15823273236552873,
    "mean_cos_w": 0.24923346502085528,
    "mean_epe_aligned": 2.4969642758369446,
    "mean_mag_corr": 0.22314144047099616,
    "mean_support_frac": 0.6296886421783626
  },
  "by_step": {
    "90": {
      "n": 3,
      "mean_cos": 0.12318430840969086,
      "mean_cos_w": 0.1966405709584554,
      "mean_epe_aligned": 3.9561538696289062,
      "mean_mag_corr": 0.2261467701941513,
      "mean_support_frac": 0.8802844785575049
    },
    "95": {
      "n": 3,
      "mean_cos": 0.13261902083953223,
      "mean_cos_w": 0.19375108430782953,
      "mean_epe_aligned": 3.053237517674764,
      "mean_mag_corr": 0.1886685284680126,
      "mean_support_frac": 0.8335236963937622
    },
    "98": {
      "n": 3,
      "mean_cos": 0.12476978947718938,
      "mean_cos_w": 0.19696633517742157,
      "mean_epe_aligned": 1.7894419034322102,
      "mean_mag_corr": 0.20228984048362222,
      "mean_support_frac": 0.6341602704678362
    },
    "99": {
      "n": 3,
      "mean_cos": 0.2523578107357025,
      "mean_cos_w": 0.40957586963971454,
      "mean_epe_aligned": 1.1890238126118977,
      "mean_mag_corr": 0.27546062273819844,
      "mean_support_frac": 0.17078612329434698
    }
  },
  "rows": [
    {
      "step_index": 90,
      "timestep": 99,
      "window_start": 0,
      "latent_pair_start": 0,
      "latent_pair_local": 0,
      "latent_window_k": 3,
      "decoded_frames_in_window": 9,
      "rgb_frame_a": 0,
      "rgb_frame_b": 4,
      "cos_sim": 0.18641287088394165,
      "cos_sim_w": 0.25563910603523254,
      "epe_aligned": 3.856138229370117,
      "mag_corr": 0.180359985325794,
      "support_frac": 0.9270376461988304,
      "rgb_mag_mean": 3.797969102859497,
      "lat_mag_mean": 2.7708725929260254,
      "projection": "pca"
    },
    {
      "step_index": 90,
      "timestep": 99,
      "window_start": 10,
      "latent_pair_start": 10,
      "latent_pair_local": 0,
      "latent_window_k": 3,
      "decoded_frames_in_window": 9,
      "rgb_frame_a": 0,
      "rgb_frame_b": 4,
      "cos_sim": 0.07463469356298447,
      "cos_sim_w": 0.1527412235736847,
      "epe_aligned": 4.601222991943359,
      "mag_corr": 0.15094802656695777,
      "support_frac": 0.8635325292397661,
      "rgb_mag_mean": 4.2517781257629395,
      "lat_mag_mean": 2.297307252883911,
      "projection": "pca"
    },
    {
      "step_index": 90,
      "timestep": 99,
      "window_start": 18,
      "latent_pair_start": 19,
      "latent_pair_local": 1,
      "latent_window_k": 3,
      "decoded_frames_in_window": 9,
      "rgb_frame_a": 4,
      "rgb_frame_b": 8,
      "cos_sim": 0.10850536078214645,
      "cos_sim_w": 0.18154138326644897,
      "epe_aligned": 3.411100387573242,
      "mag_corr": 0.34713229868970213,
      "support_frac": 0.8502832602339181,
      "rgb_mag_mean": 3.129321336746216,
      "lat_mag_mean": 2.943570613861084,
      "projection": "pca"
    },
    {
      "step_index": 95,
      "timestep": 49,
      "window_start": 0,
      "latent_pair_start": 0,
      "latent_pair_local": 0,
      "latent_window_k": 3,
      "decoded_frames_in_window": 9,
      "rgb_frame_a": 0,
      "rgb_frame_b": 4,
      "cos_sim": 0.23463934659957886,
      "cos_sim_w": 0.2895994484424591,
      "epe_aligned": 3.019641637802124,
      "mag_corr": 0.30574103601474867,
      "support_frac": 0.8864446271929824,
      "rgb_mag_mean": 2.963975429534912,
      "lat_mag_mean": 2.6979923248291016,
      "projection": "pca"
    },
    {
      "step_index": 95,
      "timestep": 49,
      "window_start": 10,
      "latent_pair_start": 10,
      "latent_pair_local": 0,
      "latent_window_k": 3,
      "decoded_frames_in_window": 9,
      "rgb_frame_a": 0,
      "rgb_frame_b": 4,
      "cos_sim": 0.03254523128271103,
      "cos_sim_w": 0.09736280888319016,
      "epe_aligned": 2.6325347423553467,
      "mag_corr": 0.16897360278025836,
      "support_frac": 0.8103527046783626,
      "rgb_mag_mean": 2.2652437686920166,
      "lat_mag_mean": 2.587790012359619,
      "projection": "pca"
    },
    {
      "step_index": 95,
      "timestep": 49,
      "window_start": 18,
      "latent_pair_start": 19,
      "latent_pair_local": 1,
      "latent_window_k": 3,
      "decoded_frames_in_window": 9,
      "rgb_frame_a": 4,
      "rgb_frame_b": 8,
      "cos_sim": 0.13067248463630676,
      "cos_sim_w": 0.19429099559783936,
      "epe_aligned": 3.5075361728668213,
      "mag_corr": 0.09129094660903071,
      "support_frac": 0.8037737573099415,
      "rgb_mag_mean": 3.1465649604797363,
      "lat_mag_mean": 2.659384250640869,
      "projection": "pca"
    },
    {
      "step_index": 98,
      "timestep": 19,
      "window_start": 0,
      "latent_pair_start": 0,
      "latent_pair_local": 0,
      "latent_window_k": 3,
      "decoded_frames_in_window": 9,
      "rgb_frame_a": 0,
      "rgb_frame_b": 4,
      "cos_sim": 0.34428295493125916,
      "cos_sim_w": 0.46264052391052246,
      "epe_aligned": 1.9735901355743408,
      "mag_corr": 0.22556316315850305,
      "support_frac": 0.7625182748538012,
      "rgb_mag_mean": 1.686133623123169,
      "lat_mag_mean": 2.922328472137451,
      "projection": "pca"
    },
    {
      "step_index": 98,
      "timestep": 19,
      "window_start": 10,
      "latent_pair_start": 10,
      "latent_pair_local": 0,
      "latent_window_k": 3,
      "decoded_frames_in_window": 9,
      "rgb_frame_a": 0,
      "rgb_frame_b": 4,
      "cos_sim": -0.11328189820051193,
      "cos_sim_w": -0.19266481697559357,
      "epe_aligned": 1.582252860069275,
      "mag_corr": 0.18662492831442323,
      "support_frac": 0.5858461257309941,
      "rgb_mag_mean": 1.114782452583313,
      "lat_mag_mean": 2.0731289386749268,
      "projection": "pca"
    },
    {
      "step_index": 98,
      "timestep": 19,
      "window_start": 18,
      "latent_pair_start": 19,
      "latent_pair_local": 1,
      "latent_window_k": 3,
      "decoded_frames_in_window": 9,
      "rgb_frame_a": 4,
      "rgb_frame_b": 8,
      "cos_sim": 0.14330831170082092,
      "cos_sim_w": 0.3209232985973358,
      "epe_aligned": 1.8124827146530151,
      "mag_corr": 0.1946814299779404,
      "support_frac": 0.5541164108187134,
      "rgb_mag_mean": 1.2110695838928223,
      "lat_mag_mean": 2.562154769897461,
      "projection": "pca"
    },
    {
      "step_index": 99,
      "timestep": 9,
      "window_start": 0,
      "latent_pair_start": 0,
      "latent_pair_local": 0,
      "latent_window_k": 3,
      "decoded_frames_in_window": 9,
      "rgb_frame_a": 0,
      "rgb_frame_b": 4,
      "cos_sim": 0.775301992893219,
      "cos_sim_w": 0.8844035863876343,
      "epe_aligned": 1.5400118827819824,
      "mag_corr": 0.5047142156436499,
      "support_frac": 0.3462856359649123,
      "rgb_mag_mean": 0.8285883069038391,
      "lat_mag_mean": 2.927201747894287,
      "projection": "pca"
    },
    {
      "step_index": 99,
      "timestep": 9,
      "window_start": 10,
      "latent_pair_start": 10,
      "latent_pair_local": 0,
      "latent_window_k": 3,
      "decoded_frames_in_window": 9,
      "rgb_frame_a": 0,
      "rgb_frame_b": 4,
      "cos_sim": 0.2503468990325928,
      "cos_sim_w": 0.41725248098373413,
      "epe_aligned": 0.9608932733535767,
      "mag_corr": 0.03689462250338008,
      "support_frac": 0.08445266812865497,
      "rgb_mag_mean": 0.1657404601573944,
      "lat_mag_mean": 2.0028960704803467,
      "projection": "pca"
    },
    {
      "step_index": 99,
      "timestep": 9,
      "window_start": 18,
      "latent_pair_start": 19,