{
  "config": {
    "prompt": "A girl riding a bike.",
    "model_path": "THUDM/CogVideoX-2b",
    "generate_type": "t2v",
    "seed": 42,
    "num_inference_steps": 50,
    "num_frames": 81,
    "corr_steps": [
      40,
      45,
      48,
      49
    ],
    "corr_num_windows": 3,
    "corr_window_k": 3,
    "corr_long_side": 192,
    "corr_blur_sigma": 1.0,
    "corr_mag_thresh": 1.0,
    "corr_projection": "pca"
  },
  "summary": {
    "overall": {
      "n": 12,
      "mean_cos": 0.14951821509748697,
      "mean_cos_w": 0.17136474528039494,
      "mean_epe_raw": 4.556441227595012,
      "mean_epe_aligned": 2.742795785268148,
      "mean_mag_corr": 0.12803321486565714,
      "mean_support_frac": 0.3803982204861111
    },
    "by_step": {
      "40": {
        "n": 3,
        "mean_cos": 0.10448708261052768,
        "mean_cos_w": 0.1119026889403661,
        "mean_epe_raw": 4.47727616628011,
        "mean_epe_aligned": 1.686063011487325,
        "mean_mag_corr": 0.015343292207413381,
        "mean_support_frac": 0.4917941623263889
      },
      "45": {
        "n": 3,
        "mean_cos": 0.04694586123029391,
        "mean_cos_w": 0.061900743593772255,
        "mean_epe_raw": 4.046730200449626,
        "mean_epe_aligned": 1.7743992408116658,
        "mean_mag_corr": 0.12237383287261654,
        "mean_support_frac": 0.4320475260416667
      },
      "48": {
        "n": 3,
        "mean_cos": 0.14554021383325258,
        "mean_cos_w": 0.15954168078800043,
        "mean_epe_raw": 3.8562143643697104,
        "mean_epe_aligned": 2.38035782178243,
        "mean_mag_corr": 0.21467930935206395,
        "mean_support_frac": 0.39874945746527773
      },
      "49": {
        "n": 3,
        "mean_cos": 0.3010997027158737,
        "mean_cos_w": 0.35211386779944104,
        "mean_epe_raw": 5.845544179280599,
        "mean_epe_aligned": 5.13036306699117,
        "mean_mag_corr": 0.15973642503053473,
        "mean_support_frac": 0.19900173611111113
      }
    }
  },
  "rows": [
    {
      "step_index": 40,
      "timestep": 199,
      "window_start": 0,
      "latent_window_k": 3,
      "decoded_frames_in_window": 9,
      "projection": "pca",
      "cos_sim": 0.08947448432445526,
      "cos_sim_w": 0.08705504983663559,
      "epe_raw": 5.282385349273682,
      "epe_aligned": 1.7374749183654785,
      "mag_corr": 0.12407873021654113,
      "support_frac": 0.5337727864583334,
      "rgb_mag_mean": 1.3124624490737915,
      "lat_mag_mean": 4.708119869232178
    },
    {
      "step_index": 40,
      "timestep": 199,
      "window_start": 9,
      "latent_window_k": 3,
      "decoded_frames_in_window": 9,
      "projection": "pca",
      "cos_sim": 0.19512610137462616,
      "cos_sim_w": 0.22542493045330048,
      "epe_raw": 4.120285511016846,
      "epe_aligned": 1.609119176864624,
      "mag_corr": -0.018803278813431593,
      "support_frac": 0.4718831380208333,
      "rgb_mag_mean": 1.1675869226455688,
      "lat_mag_mean": 4.010765552520752
    },
    {
      "step_index": 40,
      "timestep": 199,
      "window_start": 18,
      "latent_window_k": 3,
      "decoded_frames_in_window": 9,
      "projection": "pca",
      "cos_sim": 0.028860662132501602,
      "cos_sim_w": 0.023228086531162262,
      "epe_raw": 4.029157638549805,
      "epe_aligned": 1.7115949392318726,
      "mag_corr": -0.05924557478086939,
      "support_frac": 0.4697265625,
      "rgb_mag_mean": 1.202559232711792,
      "lat_mag_mean": 3.361898183822632
    },
    {
      "step_index": 45,
      "timestep": 99,
      "window_start": 0,
      "latent_window_k": 3,
      "decoded_frames_in_window": 9,
      "projection": "pca",
      "cos_sim": 0.22930531203746796,
      "cos_sim_w": 0.2824845016002655,
      "epe_raw": 4.536427974700928,
      "epe_aligned": 1.96786630153656,
      "mag_corr": 0.20391658720470812,
      "support_frac": 0.47216796875,
      "rgb_mag_mean": 1.450111985206604,
      "lat_mag_mean": 4.3580851554870605
    },
    {
      "step_index": 45,
      "timestep": 99,
      "window_start": 9,
      "latent_window_k": 3,
      "decoded_frames_in_window": 9,
      "projection": "pca",
      "cos_sim": -0.06019530072808266,
      "cos_sim_w": -0.05359130725264549,
      "epe_raw": 3.7269556522369385,
      "epe_aligned": 1.6798990964889526,
      "mag_corr": -0.01796417832146176,
      "support_frac": 0.409423828125,
      "rgb_mag_mean": 1.1978062391281128,
      "lat_mag_mean": 2.6319167613983154
    },
    {
      "step_index": 45,
      "timestep": 99,
      "window_start": 18,
      "latent_window_k": 3,
      "decoded_frames_in_window": 9,
      "projection": "pca",
      "cos_sim": -0.02827242761850357,
      "cos_sim_w": -0.04319096356630325,
      "epe_raw": 3.8768069744110107,
      "epe_aligned": 1.6754323244094849,
      "mag_corr": 0.18116908973460322,
      "support_frac": 0.41455078125,
      "rgb_mag_mean": 1.1388410329818726,
      "lat_mag_mean": 2.6637015342712402
    },
    {
      "step_index": 48,
      "timestep": 39,
      "window_start": 0,
      "latent_window_k": 3,
      "decoded_frames_in_window": 9,
      "projection": "pca",
      "cos_sim": 0.2578941881656647,
      "cos_sim_w": 0.30202746391296387,
      "epe_raw": 4.073797702789307,
      "epe_aligned": 3.5095272064208984,
      "mag_corr": 0.440271913796692,
      "support_frac": 0.5057373046875,
      "rgb_mag_mean": 2.475163221359253,
      "lat_mag_mean": 2.463472604751587
    },
    {
      "step_index": 48,
      "timestep": 39,
      "window_start": 9,
      "latent_window_k": 3,
      "decoded_frames_in_window": 9,
      "projection": "pca",
      "cos_sim": 0.01799306645989418,
      "cos_sim_w": 0.031091956421732903,
      "epe_raw": 4.054037570953369,
      "epe_aligned": 2.0001230239868164,
      "mag_corr": -0.006076963881126294,
      "support_frac": 0.3363850911458333,
      "rgb_mag_mean": 1.1848522424697876,
      "lat_mag_mean": 2.4548285007476807
    },
    {
      "step_index": 48,
      "timestep": 39,
      "window_start": 18,
      "latent_window_k": 3,
      "decoded_frames_in_window": 9,
      "projection": "pca",
      "cos_sim": 0.1607333868741989,
      "cos_sim_w": 0.1455056220293045,
      "epe_raw": 3.440807819366455,
      "epe_aligned": 1.6314232349395752,
      "mag_corr": 0.2098429781406262,
      "support_frac": 0.3541259765625,
      "rgb_mag_mean": 1.0224437713623047,
      "lat_mag_mean": 2.4384372234344482
    },
    {
      "step_index": 49,
      "timestep": 19,
      "window_start": 0,
      "latent_window_k": 3,
      "decoded_frames_in_window": 9,
      "projection": "pca",
      "cos_sim": 0.5935297608375549,
      "cos_sim_w": 0.6793442964553833,
      "epe_raw": 10.127989768981934,
      "epe_aligned": 10.498708724975586,
      "mag_corr": 0.17507136636861045,
      "support_frac": 0.4381103515625,
      "rgb_mag_mean": 6.5413384437561035,
      "lat_mag_mean": 2.410977363586426
    },
    {
      "step_index": 49,
      "timestep": 19,
      "window_start": 9,
      "latent_window_k": 3,
      "decoded_frames_in_window": 9,
      "projection": "pca",
      "cos_sim": -0.16335640847682953,
      "cos_sim_w": -0.24813495576381683,
      "epe_raw": 5.05654764175415,
      "epe_aligned": 3.358043909072876,
      "mag_corr": -0.04593395541843012,
      "support_frac": 0.09065755208333333,
      "rgb_mag_mean": 0.5770047903060913,
      "lat_mag_mean": 1.9149231910705566
    },
    {
      "step_index": 49,
      "timestep": 19,
      "window_start": 18,
      "latent_window_k": 3,
      "decoded_frames_in_window": 9,
      "projection": "pca",
      "cos_sim": 0.47312575578689575,
      "cos_sim_w": 0.6251322627067566,
      "epe_raw": 2.352095127105713,
      "epe_aligned": 1.5343365669250488,
      "mag_corr": 0.3500718641414238,
      "support_frac": 0.0682373046875,
      "rgb_mag_mean": 0.3528939485549927,
      "lat_mag_mean": 2.3198459148406982
    }
  ]
}