{
  "guide": true,
  "delta_model_rms": [
    999.00048828125,
    979.0001831054688,
    959.0008544921875,
    938.9996948242188,
    918.9989624023438,
    898.9996948242188,
    878.9989624023438,
    858.9986572265625,
    838.9990234375,
    818.9992065429688,
    798.9994506835938,
    778.9996337890625,
    759.0004272460938,
    739.0000610351562,
    718.9993286132812,
    698.9990234375,
    678.9984741210938,
    658.9979858398438,
    638.9978637695312,
    618.997314453125,
    598.9967651367188,
    578.996337890625,
    558.996337890625,
    538.9963989257812,
    518.99658203125,
    498.9967041015625,
    478.995849609375,
    458.9960632324219,
    438.99591064453125,
    418.9957580566406,
    398.9950866699219,
    378.99530029296875,
    358.9949951171875,
    338.9946594238281,
    318.99444580078125,
    298.9943542480469,
    278.9945068359375,
    258.99420166015625,
    238.99398803710938,
    218.9944305419922,
    198.9947509765625,
    178.99484252929688,
    158.9949493408203,
    138.99566650390625,
    118.9967041015625,
    98.99874114990234,
    79.00115203857422,
    59.0052604675293,
    39.0146369934082,
    19.04351043701172
  ],
  "x_t_rms": [
    999.0,
    979.0,
    959.0,
    939.0,
    919.0,
    899.0,
    879.0,
    859.0,
    839.0,
    819.0,
    799.0,
    779.0,
    759.0,
    739.0,
    719.0,
    699.0,
    679.0,
    659.0,
    639.0,
    619.0,
    599.0,
    579.0,
    559.0,
    539.0,
    519.0,
    499.0,
    479.0,
    459.0,
    439.0,
    419.0,
    399.0,
    379.0,
    359.0,
    339.0,
    319.0,
    299.0,
    279.0,
    259.0,
    239.0,
    219.0,
    199.0,
    179.0,
    159.0,
    139.0,
    119.0,
    99.0,
    79.0,
    59.0,
    39.0,
    19.0
  ],
  "x_prev_rms": [
    0.9993845820426941,
    0.9996985197067261,
    0.9995306134223938,
    1.0007447004318237,
    1.0015692710876465,
    1.0010807514190674,
    1.001657485961914,
    1.0020447969436646,
    1.0027903318405151,
    1.003340244293213,
    1.0040825605392456,
    1.0048227310180664,
    1.0068961381912231,
    1.00886070728302,
    1.0109422206878662,
    1.0142717361450195,
    1.017159342765808,
    1.0202991962432861,
    1.0239484310150146,
    1.027634859085083,
    1.032206654548645,
    1.0374977588653564,
    1.0434483289718628,
    1.0491242408752441,
    1.056054711341858,
    1.0634937286376953,
    1.0717049837112427,
    1.0798205137252808,
    1.0892456769943237,
    1.0997562408447266,
    1.1110925674438477,
    1.1232980489730835,
    1.1365156173706055,
    1.1506938934326172,
    1.1652166843414307,
    1.1813185214996338,
    1.1978247165679932,
    1.2155903577804565,
    1.234647512435913,
    1.2537940740585327,
    1.2737603187561035,
    1.2940897941589355,
    1.3157291412353516,
    1.3377525806427002,
    1.3603200912475586,
    1.382858157157898,
    1.4051809310913086,
    1.427549958229065,
    1.4497252702713013,
    1.4605686664581299
  ],
  "rho": [
    0.0,
    0.0,
    0.0,
    0.0,
    0.0,
    0.0,
    0.0,
    0.0,
    0.0,
    0.0,
    0.0,
    0.0,
    0.0,
    0.0,
    0.0,
    0.0,
    0.0,
    0.0,
    0.0,
    0.0,
    0.0,
    0.0,
    0.0,
    0.0,
    0.0,
    0.0,
    0.0,
    0.0,
    0.0,
    0.0,
    0.0,
    0.0,
    0.0,
    0.0,
    0.0,
    0.0,
    0.0,
    0.0,
    0.0,
    0.0,
    0.0,
    0.0,
    0.0,
    0.0,
    0.0,
    0.00034438775510204093,
    0.0007270408163265314,
    0.0011096938775510196,
    0.00149234693877551,
    0.0001
  ],
  "guided_steps": [
    45,
    46,
    47,
    48,
    49
  ],
  "energy_decode": [
    0.0,
    0.0,
    0.0,
    0.0,
    0.0
  ],
  "lambda_decode": [
    340.90546029139625,
    574.3132038765984,
    654.7123081498139,
    582.1755379986963,
    19.04160675736743
  ],
  "grad_rms_decode": [
    9.999999747378752e-05,
    9.999999747378752e-05,
    9.999999747378752e-05,
    9.999999747378752e-05,
    9.999999747378752e-05
  ],
  "max_abs_update": [
    0.0,
    0.0,
    0.0,
    0.0,
    0.0
  ],
  "num_changed": [
    0,
    0,
    0,
    0,
    0
  ],
  "num_pairs_full": [
    12,
    12,
    12,
    12,
    12
  ]
}