{
  "guide": true,
  "delta_model_rms": [
    999.00048828125,
    979.0001831054688,
    959.0008544921875,
    938.9996948242188,
    918.9989624023438,
    898.999755859375,
    878.9989624023438,
    858.9987182617188,
    838.9990844726562,
    818.9992065429688,
    798.9994506835938,
    778.9996948242188,
    759.00048828125,
    739.0001220703125,
    718.9993286132812,
    698.9991455078125,
    678.9985961914062,
    658.9981079101562,
    638.9979248046875,
    618.9973754882812,
    598.996826171875,
    578.9964599609375,
    558.996337890625,
    538.9965209960938,
    518.9966430664062,
    498.996826171875,
    478.9960021972656,
    458.9961853027344,
    438.9960632324219,
    418.99591064453125,
    398.9952392578125,
    378.9955139160156,
    358.99517822265625,
    338.9948425292969,
    318.9946594238281,
    298.99456787109375,
    278.9947204589844,
    258.99444580078125,
    238.99424743652344,
    218.9947052001953,
    198.99502563476562,
    178.99514770507812,
    158.99526977539062,
    138.99600219726562,
    118.99707794189453,
    98.99911499023438,
    79.00153350830078,
    59.005645751953125,
    39.0150260925293,
    19.043899536132812
  ],
  "x_t_rms": [
    999.0,
    979.0,
    959.0,
    939.0,
    919.0,
    899.0,
    879.0,
    859.0,
    839.0,
    819.0,
    799.0,
    779.0,
    759.0,
    739.0,
    719.0,
    699.0,
    679.0,
    659.0,
    639.0,
    619.0,
    599.0,
    579.0,
    559.0,
    539.0,
    519.0,
    499.0,
    479.0,
    459.0,
    439.0,
    419.0,
    399.0,
    379.0,
    359.0,
    339.0,
    319.0,
    299.0,
    279.0,
    259.0,
    239.0,
    219.0,
    199.0,
    179.0,
    159.0,
    139.0,
    119.0,
    99.0,
    79.0,
    59.0,
    39.0,
    19.0
  ],
  "x_prev_rms": [
    0.9993923902511597,
    0.9997000098228455,
    0.9995313882827759,
    1.0007437467575073,
    1.001568078994751,
    1.0010792016983032,
    1.0016555786132812,
    1.0020415782928467,
    1.0027867555618286,
    1.003337025642395,
    1.0040785074234009,
    1.0048171281814575,
    1.0068929195404053,
    1.0088566541671753,
    1.010939359664917,
    1.0142675638198853,
    1.01716148853302,
    1.020303726196289,
    1.0239441394805908,
    1.0276293754577637,
    1.0321978330612183,
    1.0375088453292847,
    1.043450117111206,
    1.0491102933883667,
    1.0560623407363892,
    1.0634938478469849,
    1.0717049837112427,
    1.0798249244689941,
    1.0892446041107178,
    1.0997648239135742,
    1.1111177206039429,
    1.123329997062683,
    1.1365256309509277,
    1.1506848335266113,
    1.1651790142059326,
    1.1812485456466675,
    1.1977373361587524,
    1.215556263923645,
    1.2346259355545044,
    1.2537673711776733,
    1.2737462520599365,
    1.2940759658813477,
    1.315729022026062,
    1.3377513885498047,
    1.3602478504180908,
    1.3828072547912598,
    1.4051088094711304,
    1.4274441003799438,
    1.4495923519134521,
    1.4604135751724243
  ],
  "rho": [
    0.0,
    0.0,
    0.0,
    0.0,
    0.0,
    0.0,
    0.0,
    0.0,
    0.0,
    0.0,
    0.0,
    0.0,
    0.0,
    0.0,
    0.0,
    0.0,
    0.0,
    0.0,
    0.0,
    0.0,
    0.0,
    0.0,
    0.0,
    0.0,
    0.0,
    0.0,
    0.0,
    0.0,
    0.0,
    0.0,
    0.0,
    0.0,
    0.0,
    0.0,
    0.0,
    0.0,
    0.0,
    0.0,
    0.0,
    0.0,
    0.0,
    0.0,
    0.0,
    0.0,
    0.0,
    0.00034438775510204093,
    0.0007270408163265314,
    0.0011096938775510196,
    0.00149234693877551,
    0.0001
  ],
  "guided_steps": [
    45,
    46,
    47,
    48,
    49
  ],
  "energy_decode": [
    0.2408447265625,
    0.2431640625,
    0.2452392578125,
    0.246826171875,
    0.2294921875
  ],
  "lambda_decode": [
    340.7858819544465,
    574.0795419294737,
    654.3840416978559,
    581.7660529930488,
    19.026114963547883
  ],
  "grad_rms_decode": [
    0.00010003546776715666,
    0.00010004118666984141,
    0.00010005082003772259,
    0.00010007138916989788,
    0.00010008347453549504
  ],
  "max_abs_update": [
    0.044921875,
    0.0947265625,
    0.139892578125,
    0.144287109375,
    0.00390625
  ],
  "num_changed": [
    92209,
    119547,
    126792,
    125833,
    11938
  ],
  "num_pairs_full": [
    12,
    12,
    12,
    12,
    12
  ]
}