{
  "guide": false,
  "delta_model_rms": [
    999.0,
    978.9994506835938,
    958.9996337890625,
    938.9990234375,
    918.9984741210938,
    898.9976196289062,
    878.9969482421875,
    858.9967651367188,
    838.99609375,
    818.9954223632812,
    798.994873046875,
    778.9942626953125,
    758.9934692382812,
    738.992431640625,
    718.9913330078125,
    698.990234375,
    678.9889526367188,
    658.9879760742188,
    638.9873046875,
    618.986328125,
    598.9852905273438,
    578.9840698242188,
    558.9830932617188,
    538.9816284179688,
    518.9801635742188,
    498.9790344238281,
    478.97802734375,
    458.9769287109375,
    438.9757080078125,
    418.97454833984375,
    398.97369384765625,
    378.97283935546875,
    358.97161865234375,
    338.9704895019531,
    318.96942138671875,
    298.9683532714844,
    278.96728515625,
    258.96636962890625,
    238.9656219482422,
    218.9647979736328,
    198.96392822265625,
    178.96322631835938,
    158.96234130859375,
    138.9620361328125,
    118.96166229248047,
    98.961669921875,
    78.96195983886719,
    58.962684631347656,
    38.96495819091797,
    18.972610473632812
  ],
  "x_t_rms": [
    999.0,
    979.0,
    959.0,
    939.0,
    919.0,
    899.0,
    879.0,
    859.0,
    839.0,
    819.0,
    799.0,
    779.0,
    759.0,
    739.0,
    719.0,
    699.0,
    679.0,
    659.0,
    639.0,
    619.0,
    599.0,
    579.0,
    559.0,
    539.0,
    519.0,
    499.0,
    479.0,
    459.0,
    439.0,
    419.0,
    399.0,
    379.0,
    359.0,
    339.0,
    319.0,
    299.0,
    279.0,
    259.0,
    239.0,
    219.0,
    199.0,
    179.0,
    159.0,
    139.0,
    119.0,
    99.0,
    79.0,
    59.0,
    39.0,
    19.0
  ],
  "x_prev_rms": [
    0.999381959438324,
    0.9995702505111694,
    1.0001648664474487,
    0.9994469285011292,
    0.9991971850395203,
    0.9992483258247375,
    0.9993890523910522,
    0.9989191293716431,
    0.9982486963272095,
    0.9973019957542419,
    0.9962586760520935,
    0.9949476718902588,
    0.9933009147644043,
    0.9916399717330933,
    0.9898666143417358,
    0.987540602684021,
    0.984929621219635,
    0.9823001623153687,
    0.9790676832199097,
    0.9752709269523621,
    0.9712159037590027,
    0.9671789407730103,
    0.9625836610794067,
    0.9577100276947021,
    0.9524707198143005,
    0.9470151662826538,
    0.9412413835525513,
    0.9352001547813416,
    0.9290257692337036,
    0.9224884510040283,
    0.9157023429870605,
    0.9091621041297913,
    0.9021206498146057,
    0.8950594663619995,
    0.8877310156822205,
    0.8804320693016052,
    0.8732694387435913,
    0.8654883503913879,
    0.8580563068389893,
    0.8511314988136292,
    0.8444746136665344,
    0.8375498652458191,
    0.8312137722969055,
    0.8246452212333679,
    0.8188612461090088,
    0.8133980631828308,
    0.8076551556587219,
    0.8026762008666992,
    0.7985398769378662,
    0.7878356575965881
  ]
}