{
  "step": [
    0,
    1,
    2,
    3,
    4,
    5,
    6,
    7,
    8,
    9,
    10,
    11,
    12,
    13,
    14,
    15,
    16,
    17,
    18,
    19,
    20,
    21,
    22,
    23,
    24,
    25,
    26,
    27,
    28,
    29,
    30,
    31,
    32,
    33,
    34,
    35,
    36,
    37,
    38,
    39,
    40,
    41,
    42,
    43,
    44,
    45,
    46,
    47,
    48,
    49
  ],
  "timestep": [
    999,
    979,
    959,
    939,
    919,
    899,
    879,
    859,
    839,
    819,
    799,
    779,
    759,
    739,
    719,
    699,
    679,
    659,
    639,
    619,
    599,
    579,
    559,
    539,
    519,
    499,
    479,
    459,
    439,
    419,
    399,
    379,
    359,
    339,
    319,
    299,
    279,
    259,
    239,
    219,
    199,
    179,
    159,
    139,
    119,
    99,
    79,
    59,
    39,
    19
  ],
  "latents_rms": [
    0.9987440705299377,
    0.9993686676025391,
    0.9990613460540771,
    0.9986194372177124,
    0.9996061325073242,
    0.9997900724411011,
    1.0004140138626099,
    1.0002442598342896,
    1.0008784532546997,
    1.001830816268921,
    1.0030038356781006,
    1.0037685632705688,
    1.005345344543457,
    1.007057547569275,
    1.0085864067077637,
    1.0100560188293457,
    1.0120750665664673,
    1.0141010284423828,
    1.0170661211013794,
    1.0203219652175903,
    1.0241754055023193,
    1.028407335281372,
    1.0335286855697632,
    1.0386676788330078,
    1.045098900794983,
    1.0510526895523071,
    1.0574309825897217,
    1.0649150609970093,
    1.0730211734771729,
    1.0818424224853516,
    1.0911697149276733,
    1.101405143737793,
    1.1121535301208496,
    1.1241298913955688,
    1.1368441581726074,
    1.1503794193267822,
    1.1648898124694824,
    1.1798334121704102,
    1.195720911026001,
    1.212506651878357,
    1.2297930717468262,
    1.247848629951477,
    1.2663975954055786,
    1.2852586507797241,
    1.3048429489135742,
    1.3242253065109253,
    1.343555212020874,
    1.3629698753356934,
    1.3822669982910156,
    1.392078161239624
  ]
}