{
  "guide": true,
  "delta_model_rms": [
    999.00048828125,
    979.0005493164062,
    959.0015869140625,
    939.0006713867188,
    919.0003662109375,
    899.00146484375,
    879.0010375976562,
    859.0011596679688,
    839.0017700195312,
    819.0023193359375,
    799.0029907226562,
    779.0034790039062,
    759.0045776367188,
    739.004638671875,
    719.0043334960938,
    699.0045166015625,
    679.00439453125,
    659.0042724609375,
    639.004638671875,
    619.0046997070312,
    599.0046997070312,
    579.0048828125,
    559.0054321289062,
    539.006103515625,
    519.007080078125,
    499.0079040527344,
    479.0077819824219,
    459.0087585449219,
    439.0093078613281,
    419.0099792480469,
    399.0101318359375,
    379.0111999511719,
    359.01177978515625,
    339.0122985839844,
    319.0129699707031,
    299.0137634277344,
    279.014892578125,
    259.0155944824219,
    239.01637268066406,
    219.017822265625,
    199.01904296875,
    179.02015686035156,
    159.02120971679688,
    139.02296447753906,
    119.02497863769531,
    99.02790832519531,
    79.03132629394531,
    59.036399841308594,
    39.04665756225586,
    19.076017379760742
  ],
  "x_t_rms": [
    999.0,
    979.0,
    959.0,
    939.0,
    919.0,
    899.0,
    879.0,
    859.0,
    839.0,
    819.0,
    799.0,
    779.0,
    759.0,
    739.0,
    719.0,
    699.0,
    679.0,
    659.0,
    639.0,
    619.0,
    599.0,
    579.0,
    559.0,
    539.0,
    519.0,
    499.0,
    479.0,
    459.0,
    439.0,
    419.0,
    399.0,
    379.0,
    359.0,
    339.0,
    319.0,
    299.0,
    279.0,
    259.0,
    239.0,
    219.0,
    199.0,
    179.0,
    159.0,
    139.0,
    119.0,
    99.0,
    79.0,
    59.0,
    39.0,
    19.0
  ],
  "x_prev_rms": [
    0.9993987679481506,
    0.9997066259384155,
    0.9995387196540833,
    1.0008034706115723,
    1.0015604496002197,
    1.0010560750961304,
    1.0016156435012817,
    1.0019340515136719,
    1.002660870552063,
    1.0031609535217285,
    1.0038949251174927,
    1.0045740604400635,
    1.006606101989746,
    1.0085490942001343,
    1.010530948638916,
    1.0138036012649536,
    1.0166780948638916,
    1.0198688507080078,
    1.02345609664917,
    1.0270600318908691,
    1.0316529273986816,
    1.0367952585220337,
    1.0426959991455078,
    1.0481712818145752,
    1.0547242164611816,
    1.062221884727478,
    1.0703155994415283,
    1.0783687829971313,
    1.0876213312149048,
    1.0979160070419312,
    1.1089788675308228,
    1.1208592653274536,
    1.1339337825775146,
    1.1478450298309326,
    1.162095546722412,
    1.1780613660812378,
    1.194263219833374,
    1.21183443069458,
    1.2305090427398682,
    1.2493953704833984,
    1.2690478563308716,
    1.2891165018081665,
    1.310483694076538,
    1.3321207761764526,
    1.3542420864105225,
    1.376558780670166,
    1.3983864784240723,
    1.4201258420944214,
    1.4415831565856934,
    1.4521915912628174
  ],
  "rho": [
    0.0,
    0.0,
    0.0,
    0.0,
    0.0,
    0.0,
    0.0,
    0.0,
    0.0,
    0.0,
    0.0,
    0.0,
    0.0,
    0.0,
    0.0,
    0.0,
    0.0,
    0.0,
    0.0,
    0.0,
    0.0,
    0.0,
    0.0,
    0.0,
    0.0,
    0.0,
    0.0,
    0.0,
    0.0,
    0.0,
    0.0,
    0.0,
    0.0,
    0.0,
    0.0,
    0.0,
    0.0,
    0.0,
    0.0,
    0.0,
    0.0,
    0.0,
    0.0,
    0.0,
    0.0,
    0.00034438775510204093,
    0.0007270408163265314,
    0.0011096938775510196,
    0.00149234693877551,
    0.0001
  ],
  "guided_steps": [
    45,
    46,
    47,
    48,
    49
  ],
  "energy_decode": [
    1.486328125,
    1.37890625,
    1.2509765625,
    1.16796875,
    1.1064453125
  ],
  "lambda_decode": [
    331.1213782403129,
    558.2788222484788,
    637.4084269670174,
    564.7552512323801,
    18.271504007366534
  ],
  "grad_rms_decode": [
    0.00010298546112608165,
    0.00010291169019183144,
    0.00010276920511387289,
    0.00010316949192201719,
    0.00010439310426590964
  ],
  "max_abs_update": [
    0.4453125,
    0.5875244140625,
    0.68994140625,
    0.80859375,
    0.026275634765625
  ],
  "num_changed": [
    162501,
    166569,
    167136,
    166230,
    77357
  ]
}