{
  "guide": false,
  "delta_model_rms": [
    999.0001831054688,
    988.9995727539062,
    978.9996948242188,
    968.99951171875,
    958.9990844726562,
    948.9982299804688,
    938.9979248046875,
    928.9978637695312,
    918.9971923828125,
    908.99658203125,
    898.9963989257812,
    888.995849609375,
    878.9953002929688,
    868.99462890625,
    858.9938354492188,
    848.9931030273438,
    838.9921875,
    828.9915771484375,
    818.9913940429688,
    808.9906616210938,
    798.989990234375,
    788.9893188476562,
    778.9887084960938,
    768.9876708984375,
    758.9866333007812,
    748.98583984375,
    738.985107421875,
    728.9843139648438,
    718.9833984375,
    708.9824829101562,
    698.98193359375,
    688.9813232421875,
    678.9802856445312,
    668.9793090820312,
    658.978515625,
    648.9777221679688,
    638.9767456054688,
    628.9756469726562,
    618.9747314453125,
    608.973876953125,
    598.9727783203125,
    588.9716186523438,
    578.970458984375,
    568.969482421875,
    558.9686279296875,
    548.9678344726562,
    538.9667358398438,
    528.9656982421875,
    518.96484375,
    508.96380615234375,
    498.962890625,
    488.9620056152344,
    478.96087646484375,
    468.9598083496094,
    458.9586486816406,
    448.9576110839844,
    438.9566345214844,
    428.9557189941406,
    418.95458984375,
    408.9535217285156,
    398.95263671875,
    388.9516906738281,
    378.9508056640625,
    368.94976806640625,
    358.9488220214844,
    348.94781494140625,
    338.94677734375,
    328.9458923339844,
    318.9451599121094,
    308.9443359375,
    298.9434509277344,
    288.9425354003906,
    278.94171142578125,
    268.9407043457031,
    258.93988037109375,
    248.93919372558594,
    238.93849182128906,
    228.93768310546875,
    218.93699645996094,
    208.93624877929688,
    198.9355926513672,
    188.93496704101562,
    178.9341278076172,
    168.9337158203125,
    158.93310546875,
    148.93264770507812,
    138.9322052001953,
    128.93179321289062,
    118.93135070800781,
    108.93099975585938,
    98.93057250976562,
    88.93035888671875,
    78.93020629882812,
    68.93028259277344,
    58.93045425415039,
    48.9309196472168,
    38.93185043334961,
    28.93378257751465,
    18.93808364868164,
    8.9530668258667
  ],
  "x_t_rms": [
    999.0,
    989.0,
    979.0,
    969.0,
    959.0,
    949.0,
    939.0,
    929.0,
    919.0,
    909.0,
    899.0,
    889.0,
    879.0,
    869.0,
    859.0,
    849.0,
    839.0,
    829.0,
    819.0,
    809.0,
    799.0,
    789.0,
    779.0,
    769.0,
    759.0,
    749.0,
    739.0,
    729.0,
    719.0,
    709.0,
    699.0,
    689.0,
    679.0,
    669.0,
    659.0,
    649.0,
    639.0,
    629.0,
    619.0,
    609.0,
    599.0,
    589.0,
    579.0,
    569.0,
    559.0,
    549.0,
    539.0,
    529.0,
    519.0,
    509.0,
    499.0,
    489.0,
    479.0,
    469.0,
    459.0,
    449.0,
    439.0,
    429.0,
    419.0,
    409.0,
    399.0,
    389.0,
    379.0,
    369.0,
    359.0,
    349.0,
    339.0,
    329.0,
    319.0,
    309.0,
    299.0,
    289.0,
    279.0,
    269.0,
    259.0,
    249.0,
    239.0,
    229.0,
    219.0,
    209.0,
    199.0,
    189.0,
    179.0,
    169.0,
    159.0,
    149.0,
    139.0,
    129.0,
    119.0,
    109.0,
    99.0,
    89.0,
    79.0,
    69.0,
    59.0,
    49.0,
    39.0,
    29.0,
    19.0,
    9.0
  ],
  "x_prev_rms": [
    0.9993657469749451,
    0.9996035099029541,
    1.0001888275146484,
    0.999565601348877,
    0.9995827674865723,
    0.9997778534889221,
    1.0002422332763672,
    1.0002665519714355,
    1.0001424551010132,
    0.9997328519821167,
    0.9995120763778687,
    0.9992657899856567,
    0.998744010925293,
    0.9984572529792786,
    0.9981649518013,
    0.9979075193405151,
    0.9974637627601624,
    0.9972019791603088,
    0.9964576959609985,
    0.9954939484596252,
    0.9947357177734375,
    0.994165301322937,
    0.9934969544410706,
    0.9925450682640076,
    0.9917691946029663,
    0.9908545613288879,
    0.9898149371147156,
    0.9887351393699646,
    0.9877984523773193,
    0.9868642091751099,
    0.9858052134513855,
    0.9847958087921143,
    0.9835363030433655,
    0.9820330142974854,
    0.9802850484848022,
    0.978497326374054,
    0.9765877723693848,
    0.9743335247039795,
    0.972079336643219,
    0.9701019525527954,
    0.967964768409729,
    0.9657700061798096,
    0.9632640480995178,
    0.9607880115509033,
    0.9581049680709839,
    0.9555627107620239,
    0.9526457190513611,
    0.9496443271636963,
    0.9466334581375122,
    0.9435789585113525,
    0.9403326511383057,
    0.9368008375167847,
    0.9334602952003479,
    0.929833710193634,
    0.925977885723114,
    0.9220000505447388,
    0.9182077050209045,
    0.9142562747001648,
    0.91018146276474,
    0.90589839220047,
    0.9013712406158447,
    0.8966939449310303,
    0.8922420144081116,
    0.8877232670783997,
    0.8831526041030884,
    0.8787749409675598,
    0.8741294741630554,
    0.8695006966590881,
    0.8646290898323059,
    0.8597866296768188,
    0.8549864888191223,
    0.8503343462944031,
    0.8455820679664612,
    0.8407847881317139,
    0.8360947966575623,
    0.8312545418739319,
    0.8267131447792053,
    0.8218719363212585,
    0.8171201348304749,
    0.8124571442604065,
    0.8077366948127747,
    0.8031610250473022,
    0.7987115383148193,
    0.7943359017372131,
    0.7899098992347717,
    0.7855767607688904,
    0.781364381313324,
    0.777182400226593,
    0.7730430364608765,
    0.7688716650009155,
    0.7649497985839844,
    0.7610828280448914,
    0.7573808431625366,
    0.7537100315093994,
    0.7501726150512695,
    0.7467955350875854,
    0.7435398697853088,
    0.7404442429542542,
    0.7381779551506042,
    0.7314270734786987
  ]
}