{
  "guide": false,
  "delta_model_rms": [
    999.0006103515625,
    989.0006103515625,
    979.0010986328125,
    969.0000610351562,
    958.9994506835938,
    949.000244140625,
    938.9994506835938,
    928.9993286132812,
    918.9998168945312,
    909.0001831054688,
    899.0004272460938,
    889.0006713867188,
    879.0013427734375,
    869.0009765625,
    859.0003051757812,
    849.0000610351562,
    838.9996337890625,
    828.9991455078125,
    818.9990844726562,
    808.9986572265625,
    798.9982299804688,
    788.9978637695312,
    778.9978637695312,
    768.998046875,
    758.9983520507812,
    748.9985961914062,
    738.9978637695312,
    728.9981689453125,
    718.9981079101562,
    708.998046875,
    698.9974365234375,
    688.9976806640625,
    678.9973754882812,
    668.9970092773438,
    658.996826171875,
    648.99658203125,
    638.9966430664062,
    628.9962158203125,
    618.995849609375,
    608.9959716796875,
    598.995849609375,
    588.9955444335938,
    578.9949340820312,
    568.9948120117188,
    558.9945678710938,
    548.9948120117188,
    538.994384765625,
    528.9935913085938,
    518.99365234375,
    508.99310302734375,
    498.9929504394531,
    488.9929504394531,
    478.992919921875,
    468.99267578125,
    458.9923400878906,
    448.99188232421875,
    438.9913635253906,
    428.99102783203125,
    418.9908142089844,
    408.9906005859375,
    398.9903259277344,
    388.9902038574219,
    378.9898681640625,
    368.989990234375,
    358.9896545410156,
    348.98968505859375,
    338.9896240234375,
    328.98956298828125,
    318.9895935058594,
    308.9894714355469,
    298.9891357421875,
    288.9891052246094,
    278.9888916015625,
    268.98876953125,
    258.98895263671875,
    248.989013671875,
    238.98858642578125,
    228.988525390625,
    218.98817443847656,
    208.98809814453125,
    198.98802185058594,
    188.98789978027344,
    178.9879913330078,
    168.9880828857422,
    158.98837280273438,
    148.9888458251953,
    138.98931884765625,
    128.9895477294922,
    118.99002838134766,
    108.99060821533203,
    98.9913558959961,
    88.99238586425781,
    78.99365234375,
    68.99561309814453,
    58.99815368652344,
    49.001827239990234,
    39.00761413574219,
    29.017478942871094,
    19.037832260131836,
    9.102738380432129
  ],
  "x_t_rms": [
    999.0,
    989.0,
    979.0,
    969.0,
    959.0,
    949.0,
    939.0,
    929.0,
    919.0,
    909.0,
    899.0,
    889.0,
    879.0,
    869.0,
    859.0,
    849.0,
    839.0,
    829.0,
    819.0,
    809.0,
    799.0,
    789.0,
    779.0,
    769.0,
    759.0,
    749.0,
    739.0,
    729.0,
    719.0,
    709.0,
    699.0,
    689.0,
    679.0,
    669.0,
    659.0,
    649.0,
    639.0,
    629.0,
    619.0,
    609.0,
    599.0,
    589.0,
    579.0,
    569.0,
    559.0,
    549.0,
    539.0,
    529.0,
    519.0,
    509.0,
    499.0,
    489.0,
    479.0,
    469.0,
    459.0,
    449.0,
    439.0,
    429.0,
    419.0,
    409.0,
    399.0,
    389.0,
    379.0,
    369.0,
    359.0,
    349.0,
    339.0,
    329.0,
    319.0,
    309.0,
    299.0,
    289.0,
    279.0,
    269.0,
    259.0,
    249.0,
    239.0,
    229.0,
    219.0,
    209.0,
    199.0,
    189.0,
    179.0,
    169.0,
    159.0,
    149.0,
    139.0,
    129.0,
    119.0,
    109.0,
    99.0,
    89.0,
    79.0,
    69.0,
    59.0,
    49.0,
    39.0,
    29.0,
    19.0,
    9.0
  ],
  "x_prev_rms": [
    0.9993704557418823,
    0.9996365904808044,
    0.9993822574615479,
    1.0004841089248657,
    1.001106858253479,
    1.0003749132156372,
    1.0005911588668823,
    1.0005346536636353,
    1.0007483959197998,
    1.0005838871002197,
    1.0005038976669312,
    1.0002108812332153,
    1.0007904767990112,
    1.0012180805206299,
    1.0014326572418213,
    1.0026744604110718,
    1.003129005432129,
    1.0035479068756104,
    1.0041102170944214,
    1.0043648481369019,
    1.0050342082977295,
    1.0059014558792114,
    1.0069855451583862,
    1.0072652101516724,
    1.008073091506958,
    1.008963704109192,
    1.0099594593048096,
    1.0101131200790405,
    1.0110276937484741,
    1.0122432708740234,
    1.013283371925354,
    1.0147829055786133,
    1.0161256790161133,
    1.0177757740020752,
    1.018994927406311,
    1.0207868814468384,
    1.0223678350448608,
    1.0246872901916504,
    1.0270462036132812,
    1.029115915298462,
    1.0312057733535767,
    1.0335527658462524,
    1.0362462997436523,
    1.03957200050354,
    1.0424613952636719,
    1.0455576181411743,
    1.0488322973251343,
    1.0526599884033203,
    1.0557528734207153,
    1.059476613998413,
    1.0634634494781494,
    1.0677142143249512,
    1.0724866390228271,
    1.0765714645385742,
    1.08137845993042,
    1.086138367652893,
    1.0907078981399536,
    1.0959001779556274,
    1.1014695167541504,
    1.1067569255828857,
    1.112748622894287,
    1.1188286542892456,
    1.125258207321167,
    1.1318964958190918,
    1.1387591361999512,
    1.1458797454833984,
    1.153180718421936,
    1.1611511707305908,
    1.1688326597213745,
    1.1772234439849854,
    1.185463309288025,
    1.1940032243728638,
    1.2026287317276,
    1.2118829488754272,
    1.2208613157272339,
    1.2301485538482666,
    1.239516019821167,
    1.2493042945861816,
    1.2595642805099487,
    1.269805669784546,
    1.2804757356643677,
    1.2912280559539795,
    1.3024060726165771,
    1.3136985301971436,
    1.3251183032989502,
    1.336569905281067,
    1.3477115631103516,
    1.3596656322479248,
    1.371636152267456,
    1.3830944299697876,
    1.3947890996932983,
    1.4065096378326416,
    1.4182597398757935,
    1.4298040866851807,
    1.4415028095245361,
    1.4528872966766357,
    1.4642584323883057,
    1.4756579399108887,
    1.487264633178711,
    1.4933021068572998
  ]
}