{
  "guide": false,
  "delta_model_rms": [
    998.9998779296875,
    979.0003051757812,
    959.0000610351562,
    938.9996337890625,
    918.9989013671875,
    898.998779296875,
    878.998779296875,
    858.9983520507812,
    838.9988403320312,
    818.9985961914062,
    798.9984130859375,
    778.9974975585938,
    758.9974365234375,
    738.9967651367188,
    718.9962158203125,
    698.9953002929688,
    678.9953002929688,
    658.994873046875,
    638.9946899414062,
    618.9939575195312,
    598.9930419921875,
    578.9927978515625,
    558.991943359375,
    538.9913330078125,
    518.9909057617188,
    498.99017333984375,
    478.98944091796875,
    458.9883117675781,
    438.9870300292969,
    418.9862365722656,
    398.9857177734375,
    378.9852294921875,
    358.98455810546875,
    338.98406982421875,
    318.9832458496094,
    298.98248291015625,
    278.9814147949219,
    258.98077392578125,
    238.97964477539062,
    218.97874450683594,
    198.97775268554688,
    178.9770050048828,
    158.97650146484375,
    138.9761505126953,
    118.97610473632812,
    98.97653198242188,
    78.97779846191406,
    58.98085021972656,
    38.98793411254883,
    19.011432647705078
  ],
  "x_t_rms": [
    999.0,
    979.0,
    959.0,
    939.0,
    919.0,
    899.0,
    879.0,
    859.0,
    839.0,
    819.0,
    799.0,
    779.0,
    759.0,
    739.0,
    719.0,
    699.0,
    679.0,
    659.0,
    639.0,
    619.0,
    599.0,
    579.0,
    559.0,
    539.0,
    519.0,
    499.0,
    479.0,
    459.0,
    439.0,
    419.0,
    399.0,
    379.0,
    359.0,
    339.0,
    319.0,
    299.0,
    279.0,
    259.0,
    239.0,
    219.0,
    199.0,
    179.0,
    159.0,
    139.0,
    119.0,
    99.0,
    79.0,
    59.0,
    39.0,
    19.0
  ],
  "x_prev_rms": [
    0.9992586970329285,
    0.9997583627700806,
    0.9994560480117798,
    0.9999528527259827,
    1.0003639459609985,
    1.0001822710037231,
    1.0003045797348022,
    1.0005522966384888,
    1.0014337301254272,
    1.0017056465148926,
    1.0027176141738892,
    1.0037801265716553,
    1.004928708076477,
    1.006060004234314,
    1.007782220840454,
    1.0094577074050903,
    1.0113803148269653,
    1.0130709409713745,
    1.0153056383132935,
    1.0183578729629517,
    1.0214115381240845,
    1.0250588655471802,
    1.0294362306594849,
    1.0338106155395508,
    1.038369059562683,
    1.0438201427459717,
    1.0500662326812744,
    1.0561983585357666,
    1.0634429454803467,
    1.0712538957595825,
    1.0795049667358398,
    1.0885820388793945,
    1.0982469320297241,
    1.1088768243789673,
    1.1200815439224243,
    1.1321972608566284,
    1.1449477672576904,
    1.1586517095565796,
    1.1729816198349,
    1.1880961656570435,
    1.2041682004928589,
    1.2200654745101929,
    1.23704195022583,
    1.2540515661239624,
    1.2713227272033691,
    1.2891759872436523,
    1.3068503141403198,
    1.3243674039840698,
    1.3415558338165283,
    1.3474655151367188
  ]
}